circle_id,count
15ksKorSSPa,58399
1cceLxJokLg,23
1Ew2rZ1tAYS,2147
1i4NquD5xDf,73273
1UMAxXG8myD,4120
1WTTS45bzoS,183
1ZCyJT7sAKz,4379
21NwTtDWYLT,432
24Ddy3tj6K4,78
2AB6knkyMFr,57047
2BFiNC4Y1sb,16
2dHCAJBB9Ec,495
2EVfhLLMeuG,1766
2gZhCEnf5jP,9212
2uNReYkeXDm,56
2UQHYkPfpY2,1717
2zHAgD4xt3t,200
34ArnwzxJju,298
36yFn6zeVVV,8110
38ttB2MpyMx,62923
3AMZPejZBWM,1248
3aRnz74Vdqy,68025
3jF28qYuyy3,606
3K7SQLBqtUW,425
3RT2KwZY827,2816
3SqYjjxcKft,32405
474gwgc9qmX,82544
47eLF86aTGz,56778
4BYYmAPHWxj,26588
4ETN5ppMAWr,1690
4MLF9qUDWYn,1512
4NNsDHtcawE,40472
4obiTa7Mij4,9225
4pHCrfyPd4i,4016
4Sbb7YJfZzq,115
4SfDnzShjGA,1136
4VLxqdv8CZq,9115
4zM4mow65u3,474
5gL9tB99wiK,7251
5iJFVztGKSM,102199
5kMHaStYYQt,334
5N3uMpnLF6k,22951
5NxeRKq4zai,4107
5P6f4fkApDj,9712
5VJcPHjzr9J,1157
5yvXLNLpZF3,31429
5zFhkwRsQAb,1376
6dzheKk53ow,29599
6egKK7E194u,18
6f7bAR5bvXZ,553
6FHbuorsWti,64631
6fVzoCR4G8B,786
6GLK1Y6jo6e,6828
6iL52nesi77,196
6KKxzAgAv9j,915
6N2bbk6eVVX,63519
6PvHx6sYLhR,55580
6qxK6cWxCbL,16
6vTvwNBCPoP,25759
753QcJvjXuq,2499
78zTHG7dNKC,28
7cjRJeFxCSS,96547
7Dw3bJhCEsM,1543
7KDbqfJ28Vt,2561
7PDbTmXS67s,117099
7rVErC78x6q,813
7T5Rb96KPCy,2334
82veFFhnph8,1
83B8tpQZJzE,348
83CQ5JKSbef,2661
875ATy9LHzi,41704
8CZigycatod,1
8LirUe9rsiD,5789
8PfEPYoAosZ,7581
8RicLFssDsS,1449
8RZCTSFk1EB,66924
8vh8BKKHf8U,1916
9MSpKrbkk3e,117332
9QM6RLBWCuV,796
9Z46yRL1j8F,1
A3U2SgtyRyH,457
Aaxn9tot5Fq,1220
AbMPvg47A9s,2685
Ac6gYfWtmGK,22704
ae1wmdJNiEA,480
Af8k9fQ1h83,716
AKCp2a1JCgS,30660
AKzAjLueuE4,20
aMRfaTUsZ31,19904
AN3Mb6W2S23,59
ANySiMEBuuq,26
AP2Nqhbtrsf,17400
AQjL31jgUX8,15744
ASm1gJJ3onL,6
atQskd7wBeL,307
au8jjTXEHmd,23716
aVpUfr3sD6u,37257
ay3GP835Pab,283
Az1VWXrXzeg,41871
b1wj2ns83Aj,232
b6Qy7q84wUu,39
b8sKgP4RjU8,156
b9HC4KDbGGM,50056
bAsk6te1zwU,164404
bDFheUpqq7D,3
BFp8Bf1Xoqk,43017
BGfdj53iknF,226
bH89cUg8aKo,92195
bHGNaUwrw13,12
BiREhq2CjJB,56
bk9hDTm2iSv,454
bkF71R4Fcvw,1
Bqg1ZbHSyus,337
bQSoYB93N2c,2565
BRz5nPb82Qb,4564
btJTTNZr4m8,1
BvB15ACSLRR,187
bwphV4CTwFX,338
BXnwuETk2HA,1034
bZay3GFtpcx,7
c3n87PwbB2N,22115
c4AWMAjaXN1,14439
c4d3CFE4S3X,1
C6ivUifF2Yc,83707
C7PToUSftEE,314
c7XqZ4Q4auM,21290
c9b9uqaNKHV,5427
caghkZYXKPJ,5233
cArLnb7pEJn,468
cAt4t3bNC7f,355
Cb3R114z8Qq,22082
ccdX6c2wkZG,17039
CcKsJxWGP9y,4
CG4B8NgUctN,23626
CKX2rBSstMu,757
CLP3Gf2UK26,2172
CnGdPMX9PD5,205
coqbF3tA4Dj,473
cpUFVo3CuEc,1653
cQF72AWKWoP,1506
CRU3f7qQWy5,2700
CS5jWEkcSCn,151
cS7h3jjBfFv,13355
cv8qGfxQ9SH,70138
CVBwXSLwyrr,11
cwiXysM6KTB,21
cxA2qwSr55H,3353
D36uRCF9YXt,474
D398m5guryb,16607
d69aMBD3hTY,345
D6fTDN4WGjs,4992
d8tz3Y3yaso,29652
dAAeREkCDTw,5575
DcufzhXbdap,61849
dEKEupTKE1r,876
dHSZHcuJKDe,317
dHZ1Yjxy5WP,59216
diPdgmHWYbw,969
DLhyEVuXggb,52
DoVdgkEaAnU,21597
DPJVq59vahd,2
DsBi4M5DApD,1841
dvKPGFqvmbs,678
dvre8Fiur9Q,2935
DWJsgt21kPJ,61440
Dwusu58vMhh,31390
DxNUTazhm9a,48
E4kPRvrgHEo,1585
e5HE8eLc2ob,11
E67S8Fk81hh,133
E7HuLuPBTja,22714
e9dqdED2tof,521
EAewZevFFwr,452
ecD2Armir3K,3363
eEng7wNcsRm,7092
ehTteDreQi3,4525
ejvow9JXg49,5871
EKxb92ja8PN,260
EmzMDy9WJX4,6326
en77jqbUWUa,36984
ENcBGLEy2hi,465
EqT6REFZG9x,177
EQUpSpqrrAW,38996
ER4bFSLhEcR,16
ERaypXSy439,27950
EShGfehPWhq,20395
eTQ3hN1GFwr,1
EuD8iL46gnL,29157
EUdkZS3Pyed,555
EuhSLr3Ejxa,1
Eva2t9ut1Pq,34403
eYpGqgVDPS4,930
EysfckGU3H2,5
EYTrL4zm7ED,651
F6CFkcKj7x5,36
FbFiTiGXp7o,6
FDoQCQE5PTJ,11398
Fe8aptUNYCq,1412
FECUv35NcnX,13892
fiGyizMuAQG,626
FLwKPGSgu1A,25368
fQEW6uk3yjb,346
fTmfjvn3xZV,1110
fTotSKWGCGF,84678
fV4uKdtggHG,25567
FvP9yHK5Ukn,3579
FxBVxy5Yara,29892
FYaxWHsb6Ca,12
G6XhREPqbnu,45
G6YbZMgbdei,77
gbdaZKdKcqe,17317
gBTgvqCof21,8821
gcXXD7ZPa8P,3
GdbnnvWZM9F,500
Gh1LQdmr9xi,123
GJ3ZsbjFdWi,87268
gjqKVseVHhh,3379
GpVXk29eHC4,273
GpWY5xaC4pg,1
gqAKeUUv8vV,35180
gS1KWShnGKo,1600
gVXbdGDM7Gv,3215
GzF8seDhjPm,20237
gZzTm55sKvy,698
H4xDikdawgx,3807
h5pTFDsXr9S,185
h6aA4zfv8KC,2261
HAvZX93nw3A,6868
hBNivRA8JJU,68
Hd2zJvv43DR,205
hd7Mot5biXV,286
HdAfUcDXNXs,20317
HfjHPPySng4,2041
hfYRP5fK5KU,1
HGYKjR1atHK,11831
hkCJSywrcCa,3895
hNp66LHaZGb,52186
hod1KKqUkCP,15442
hpibTM65pax,743
hptUvUsYTBA,625
HrKZX3n1oTB,725
hYkZa87jEkR,78
i3GCrddb3QJ,6
i4zWbnwL33F,112
i6QJNZxACTs,160
i7QbZphHdKp,210
ifhwSK81qdV,27511
iGU3hFY6UV3,13
isjkr59d3Xx,52850
itCjQHAW7Me,10409
iU46QMqAoyv,33416
izspfFkYBCh,453
jbDpLVYaNcn,3067
jD4sTTLELXM,1440
Jf1NLtVKTao,5
Jii6tWHehgd,1101
jjQM8h9UrCM,37
JkMgHBq97hR,18
JmFA7kpPYVd,1693
joW6CbdmCyY,6295
JRmaqNQYJvQ,109
JsvWUrVC4D6,90661
JtDx3P9dVAi,1
JthQ21DdDu6,656
jUMfvAZBmph,1067
jVQd14bPVhQ,42853
Jw2rJDyJMHa,143
KAwd5d1yeMs,10
KeTJoqeCwh3,23425
KnPjU8oQM2z,87545
KQWG67Xkwcx,746
KvKyssk5f4c,470
KZx5ynJ9yav,32608
L49R5vq2BB7,6489
L9YduXyTeDv,7443
LbVVLtAG8Vp,12425
LsaQQpdb8QY,26237
LsTF2SexNe8,68
LvvFTWZyHs6,29682
M1DGP4T4t9C,39
Ma3Q6LBQ7rH,186
MC3Syr1mxA2,4
MeTzBP1ZzWB,6857
MfQFjTo4jf5,23161
MJviwXdwNmU,6024
MkqEMtFuVzn,24
Mnj8r1naz94,47984
MpEsVKW4fAR,13123
MPuUrJkBjPR,26825
MxuP5LxVvJc,14058
Myh8KZyiM6H,1008
NDAnkbWwFYC,16134
NiuhYW6kLgT,19781
NnqojnKraci,1
NqBf9TDs4XE,82467
NqLG8K6L3Zx,82106
NruYERE1ViJ,4
NUZqRXEqWSg,133
NxLgy92H7mX,903
NxVfkT7SWHp,2758
Ny6K24wyvP3,1870
P6nFzhdLobS,17009
Pf3R4YT8ywo,388
PfmNubx5wB1,18641
PJ7r7Ac6xmx,20936
PjqiMuo9t7h,2172
PMaaE9z8JTL,18
PN5YdW1cRDb,706
PnZ666tsfYv,1815
PsneNTHY2DD,237
PSSSh5UzcYo,74648
PVHxKx49gFZ,30648
PWJ2XhoJgCL,27940
Q4j4yumJnJS,22147
Q69qkkmCc1k,3547
QBFSYZMuDSA,8187
QdLd2zfRMKt,28
Qge9BWykLaV,2009
Qk7sD2DRXqZ,7092
QVkXa4BfE8s,173
R4DY16Z3JaV,3
R6gKZBPBbju,28791
RdFJugCK9y9,10400
RDZ9bcp4cbP,1
RmFMFC4QYuW,3
RoG2BkBTHDP,24
RP89Av1UPSB,91
RPJss7YUjwm,369
Rr6kjFeqz69,8879
RTaeLRNeRTt,224
RXwU19tqyG9,9
RzivBAwoGCX,574
RzPDSRNJqF4,64826
RZpvrvXbeDT,13274
S4QfCsQf7wJ,5331
S7PKuNUwwim,160
SACHvvtBv3r,511
SBbcL7R5F62,7293
SJR4JecbAXE,65305
SkjDW5bkAyp,15916
SpdRcqEcdsq,139
SQjPMJLEPeT,8602
SSZxN7Pi7Wt,22282
SWJbiDCtiZN,218
SXH9aAuvcZD,1325
SxzeomZyWmw,19823
SZEP7F5XN9E,267
T1ts2ntXJry,28
TC2EvYFEHfA,38713
ToWXXafytJn,1
Tp3oNGkJMkL,28278
TpwP8gHP7jw,1
TVmT9UHGHco,4
TZWi8kYqMN6,64604
U9Cor7294aU,49131
UMgt21SD6Pw,1247
UPY2NYbs8cC,65604
URnYpRM3tH3,23
UUX8QiqKZWM,173
V3kHmiJHn5k,9305
V685Nc9nLLw,200
VCsPMzNpoQt,179
VjCouFhmYuA,6
VKAPeoP9w1e,4153
VKWNSL3TT5q,1470
VNcaRbyvdHB,96885
VV6MsL1RbZk,837
Vx5x4QHRqBz,84
W1927gnQZH2,4568
WpttsNbq53f,22247
WTHtNamWvFf,6810
WUrSpSTPxr2,136
WVSRRmcvHJ5,9681
WXuFgzD7JPQ,66848
Wy7kXxnsdwL,116088
XBhPRYPQD8a,506
XDFTrRK2Cp6,2802
XnTQRoMTDyG,360
XS41AZ43EZP,1895
Xw578M7Stqn,27024
Xxgk2BAiuzi,608
XythJV31noo,5600
Y1fe66kfQ3U,5260
YBQkEuXhqao,13
YeekCwbcYgn,2532
YkPda8RiMc5,721
YprN9ov5QhM,8800
YRy8KBtQNA4,23728
YT9qb8zDBLV,17185
YtYso7ivNro,920
YvgtPCf9hek,3745
YvQEr5mpsAf,152
YXDwVzcVe5k,28
YzEJiBCjZZi,2256
YZhrnPfr534,54
Z8Aff2yk4vM,9516
Z8JA2xh1Cxz,14
ZJwseBN7sfW,775
ZNJE4fBTCNh,1192
ZvfmqBZ9oaa,39132
ZXmzDB5DimY,159
